industry,keyword,count
Unknown,experience,372
Unknown,data,311
Unknown,technical,231
Unknown,engineering,164
Unknown,systems,157
Unknown,strong,145
Unknown,design,144
Unknown,management,136
Unknown,performance,136
Unknown,skills,135
Unknown,work,132
Unknown,development,123
Unknown,business,120
Unknown,team,113
Unknown,ensure,110
Unknown,tools,109
Unknown,project,104
Unknown,ability,101
Unknown,role,98
Unknown,quality,95
Unknown,support,94
Unknown,knowledge,94
Unknown,understanding,90
Unknown,product,86
Unknown,software,85
Unknown,build,82
Unknown,related,81
Unknown,across,80
Unknown,years,80
Unknown,maintain,77
